{
  "mse": 0.13056273758411407,
  "mae": 0.24060596525669098,
  "rmse": 0.3613346517086029,
  "mse_x": 0.010043350048363209,
  "mse_y": 0.2510821223258972,
  "mae_x": 0.0797232836484909,
  "mae_y": 0.40148866176605225
}